Service,10H:D+,10H:D-,10P:D+,10P:D-,DT:S+,DT:S-,LT:S+,LT:S-,DT:T+,DT:T-
AxInstSV,2,0,2,0,2,0,2,0,2,0
AJRouter,2,2,2,2,2,2,2,2,1,1
AppReadiness,2,0,2,0,2,0,2,0,2,0
AppHostSvc,3,0,3,0,3,0,3,0,3,0
AppIDSvc,2,0,2,0,2,0,2,0,2,0
Appinfo,2,0,2,0,2,0,2,0,2,0
ALG,2,2,2,2,1,1,1,1,1,1
AppMgmt,0,0,2,2,2,2,2,2,1,1
AssignedAccessManagerSvc,0,0,2,0,2,0,2,0,2,0
aspnet_state,2,0,2,0,2,0,2,0,2,0
tzautoupdate,1,0,1,0,1,0,1,0,1,0
BthAvctpSvc,2,2,2,2,2,2,2,2,1,1
BITS,4,0,4,0,4,0,4,0,4,0
BFE,3,0,3,0,3,0,3,0,3,0
BDESVC,2,0,2,0,2,0,2,0,2,0
wbengine,2,0,2,0,2,0,2,0,2,0
BthHFSrv,2,2,2,2,2,2,2,2,1,1
BTAGService,2,2,2,2,2,2,2,2,1,1
bthserv,2,2,2,2,2,2,2,2,1,1
BluetoothUserService_?????,2,0,2,0,2,0,2,0,2,0
PeerDistSvc,0,0,2,2,1,1,1,1,1,1
camsvc,2,0,2,0,2,0,2,0,2,0
CaptureService_?????,0,0,2,2,2,2,2,2,1,1
CertPropSvc,2,2,2,2,2,2,2,2,1,1
c2wts,2,0,2,0,2,0,2,0,2,0
KeyIso,2,0,2,0,2,0,2,0,2,0
EventSystem,3,0,3,0,3,0,3,0,3,0
COMSysApp,2,0,2,0,2,0,2,0,2,0
Browser,2,0,2,0,2,0,2,0,2,0
CDPSvc,4,0,4,0,4,0,4,0,4,0
CDPUserSvc_?????,3,0,3,0,3,0,3,0,3,0
DiagTrack,3,0,3,0,3,0,3,0,3,0
VaultSvc,2,0,2,0,2,0,2,0,2,0
CryptSvc,3,0,3,0,3,0,3,0,3,0
DsSvc,2,0,2,0,2,0,2,0,2,0
DusmSvc,3,0,3,0,3,0,3,0,3,0
DoSvc,4,0,4,0,4,0,4,0,4,0
DeviceAssociationService,2,0,2,0,2,0,2,0,2,0
DeviceInstall,2,0,2,0,2,0,2,0,2,0
DmEnrollmentSvc,2,0,2,0,2,0,2,0,2,0
DsmSVC,2,0,2,0,2,0,2,0,2,0
DevQueryBroker,2,0,2,0,2,0,2,0,2,0
Dhcp,3,0,3,0,3,0,3,0,3,0
diagsvc,2,0,2,0,2,0,2,0,2,0
DPS,3,0,3,0,3,0,3,0,3,0
WdiServiceHost,2,0,2,0,2,0,2,0,2,0
WdiSystemHost,2,0,2,0,2,0,2,0,2,0
TrkWks,3,0,3,0,3,0,3,0,3,0
MSDTC,2,0,2,0,2,0,2,0,2,0
dmwappushsvc,2,2,2,2,1,1,1,1,1,1
Dnscache,3,0,3,0,3,0,3,0,3,0
MapsBroker,4,4,4,4,1,1,1,1,1,1
DsRoleSvc,2,0,2,0,2,0,2,0,2,0
embeddedmode,2,0,2,0,2,0,2,0,2,0
EFS,2,0,2,0,2,0,2,0,2,0
EapHost,2,0,2,0,2,0,2,0,2,0
Fax,2,2,2,2,1,1,1,1,1,1
fhsvc,2,0,2,0,2,0,2,0,2,0
fdPHost,2,0,2,0,2,0,2,0,2,0
FDResPub,2,0,2,0,2,0,2,0,2,0
BcastDVRUserService_?????,2,0,2,0,2,0,2,0,2,0
lfsvc,2,2,2,2,1,1,1,1,1,1
GraphicsPerfSvc,2,0,2,0,2,0,2,0,2,0
HomeGroupListener,2,0,2,0,2,0,2,0,2,0
HomeGroupProvider,2,0,2,0,2,0,2,0,2,0
hns,0,0,2,0,2,0,2,0,2,0
hidserv,2,0,2,0,2,0,2,0,2,0
HvHost,2,2,2,2,1,1,1,1,1,1
vmickvpexchange,2,2,2,2,1,1,1,1,1,1
vmicguestinterface,2,2,2,2,1,1,1,1,1,1
vmicshutdown,2,2,2,2,1,1,1,1,1,1
vmicheartbeat,2,2,2,2,1,1,1,1,1,1
vmcompute,0,0,2,0,2,0,2,0,2,0
vmicvmsession,2,2,2,2,1,1,1,1,1,1
vmicrdv,2,2,2,2,1,1,1,1,1,1
vmictimesync,2,2,2,2,1,1,1,1,1,1
vmms,0,0,3,0,3,0,3,0,3,0
vmicvss,2,2,2,2,1,1,1,1,1,1
IKEEXT,2,0,2,0,2,0,2,0,2,0
irmon,2,2,2,2,1,1,1,1,1,1
UI0Detect,2,0,2,0,2,0,2,0,2,0
SharedAccess,2,2,2,2,1,1,1,1,1,1
iphlpsvc,3,3,3,3,3,3,3,3,1,1
IpxlatCfgSvc,2,2,2,2,2,2,2,2,1,1
PolicyAgent,2,0,2,0,2,0,2,0,2,0
KtmRm,2,0,2,0,2,0,2,0,2,0
lltdsvc,2,0,2,0,2,0,2,0,2,0
wlpasvc,2,0,2,0,2,0,2,0,2,0
LPDSVC,3,0,3,0,3,0,3,0,3,0
LxssManager,2,0,2,0,2,0,2,0,2,0
MSMQ,3,0,3,0,3,0,3,0,3,0
MSMQTriggers,3,0,3,0,3,0,3,0,3,0
MessagingService_?????,2,0,2,0,2,0,2,0,2,0
diagnosticshub.standardcollector.service,2,0,2,0,2,0,2,0,2,0
wlidsvc,2,0,2,0,2,0,2,0,2,0
AppVClient,0,0,1,0,1,0,1,0,1,0
ftpsvc,3,0,3,0,3,0,3,0,3,0
MSiSCSI,2,2,2,2,1,1,1,1,1,1
MsKeyboardFilter,0,0,0,0,0,0,0,0,0,0
swprv,2,0,2,0,2,0,2,0,2,0
smphost,2,0,2,0,2,0,2,0,2,0
InstallService,2,0,2,0,2,0,2,0,2,0
SmsRouter,2,2,2,2,1,1,1,1,1,1
NaturalAuthentication,2,2,2,2,2,2,2,2,1,1
NetMsmqActivator,3,0,3,0,3,0,3,0,3,0
NetPipeActivator,3,0,3,0,3,0,3,0,3,0
NetTcpActivator,3,0,3,0,3,0,3,0,3,0
NetTcpPortSharing,2,2,2,2,1,1,1,1,1,1
Netlogon,2,2,2,2,2,2,2,2,1,1
NcdAutoSetup,2,2,2,2,2,2,2,2,1,1
NcbService,2,0,2,0,2,0,2,0,2,0
Netman,2,0,2,0,2,0,2,0,2,0
NcaSVC,2,0,2,0,2,0,2,0,2,0
netprofm,2,0,2,0,2,0,2,0,2,0
NlaSvc,3,0,3,0,3,0,3,0,3,0
NetSetupSvc,2,0,2,0,2,0,2,0,2,0
nsi,3,0,3,0,3,0,3,0,3,0
CscService,0,0,2,2,1,1,1,1,1,1
ssh-agent,2,0,2,0,2,0,2,0,2,0
defragsvc,2,0,2,0,2,0,2,0,2,0
WpcMonSvc,2,2,2,2,1,1,1,1,1,1
SEMgrSvc,2,2,2,2,1,1,1,1,1,1
PNRPsvc,2,0,2,0,2,0,2,0,2,0
p2psvc,2,0,2,0,2,0,2,0,2,0
p2pimsvc,2,0,2,0,2,0,2,0,2,0
PerfHost,2,0,2,0,2,0,2,0,2,0
pla,2,0,2,0,2,0,2,0,2,0
PhoneSvc,2,2,2,2,1,1,1,1,1,1
PlugPlay,2,0,2,0,2,0,2,0,2,0
PNRPAutoReg,2,0,2,0,2,0,2,0,2,0
WPDBusEnum,2,0,2,0,2,0,2,0,2,0
Power,3,0,3,0,3,0,3,0,3,0
Spooler,3,0,3,0,3,0,3,0,3,0
PrintNotify,2,0,2,0,2,0,2,0,2,0
PrintWorkflowUserSvc_?????,2,0,2,0,2,0,2,0,2,0
wercplsupport,2,0,2,0,2,0,2,0,2,0
PcaSvc,3,0,3,0,3,0,3,0,3,0
QWAVE,2,0,2,0,2,0,2,0,2,0
RmSvc,2,0,2,0,2,0,2,0,2,0
RasAuto,2,0,2,0,2,0,2,0,2,0
RasMan,2,0,2,0,2,0,2,0,2,0
SessionEnv,2,2,2,2,2,2,2,2,1,1
TermService,2,2,2,2,2,2,2,2,1,1
UmRdpService,2,2,2,2,2,2,2,2,1,1
RpcLocator,2,2,2,2,1,1,1,1,1,1
RemoteRegistry,1,0,1,0,1,0,1,0,1,0
RetailDemo,2,2,2,2,1,1,1,1,1,1
RemoteAccess,1,0,1,0,1,0,1,0,1,0
seclogon,2,0,2,0,2,0,2,0,2,0
SstpSvc,2,0,2,0,2,0,2,0,2,0
SamSs,3,0,3,0,3,0,3,0,3,0
wscsvc,4,0,4,0,4,0,4,0,4,0
SensorDataService,2,2,2,2,1,1,2,2,1,1
SensrSvc,2,2,2,2,1,1,2,2,1,1
SensorService,2,2,2,2,1,1,2,2,1,1
LanmanServer,3,0,3,0,3,0,3,0,3,0
shpamsvc,1,0,1,0,1,0,1,0,1,0
ShellHWDetection,3,0,3,0,3,0,3,0,3,0
SCardSvr,1,0,1,0,1,0,1,0,1,0
ScDeviceEnum,2,2,2,2,1,1,1,1,1,1
SCPolicySvc,2,2,2,2,1,1,1,1,1,1
SNMPTRAP,2,2,2,2,1,1,1,1,1,1
SharedRealitySvc,2,0,2,0,2,0,2,0,2,0
svsvc,2,0,2,0,2,0,2,0,2,0
SSDPSRV,2,0,2,0,2,0,2,0,2,0
WiaRpc,2,0,2,0,2,0,2,0,2,0
StorSvc,2,0,2,0,2,0,2,0,2,0
TieringEngineService,2,0,2,0,2,0,2,0,2,0
SysMain,3,0,3,0,3,0,3,0,3,0
OneSyncSvc_?????,4,0,4,0,4,0,4,0,4,0
SENS,3,0,3,0,3,0,3,0,3,0
SgrmBroker,4,0,4,0,4,0,4,0,4,0
lmhosts,2,0,2,0,2,0,2,0,2,0
TapiSrv,2,0,2,0,2,0,2,0,2,0
Themes,3,0,3,0,3,0,3,0,3,0
TimeBroker,2,0,2,0,2,0,2,0,2,0
TabletInputService,2,2,2,2,1,1,2,2,1,1
UsoSvc,2,0,2,0,2,0,2,0,2,0
upnphost,2,0,2,0,2,0,2,0,2,0
UevAgentService,0,0,1,0,1,0,1,0,1,0
UserManager,3,0,3,0,3,0,3,0,3,0
ProfSvc,3,0,3,0,3,0,3,0,3,0
vds,2,0,2,0,2,0,2,0,2,0
VSS,2,0,2,0,2,0,2,0,2,0
W3LOGSVC,2,0,2,0,2,0,2,0,2,0
WalletService,2,0,2,0,2,0,2,0,2,0
WarpJITSvc,2,0,2,0,2,0,2,0,2,0
TokenBroker,2,0,2,0,2,0,2,0,2,0
WMSVC,2,0,2,0,2,0,2,0,2,0
WebClient,2,2,2,2,2,2,2,2,1,1
WFDSConSvc,2,2,2,2,1,1,2,2,1,1
AudioSrv,3,0,3,0,3,0,3,0,3,0
AudioEndpointBuilder,3,0,3,0,3,0,3,0,3,0
SDRSVC,2,0,2,0,2,0,2,0,2,0
WbioSrvc,2,0,2,0,2,0,2,0,2,0
FrameServer,2,2,2,2,1,1,1,1,1,1
wcncsvc,2,2,2,2,2,2,2,2,1,1
Wcmsvc,3,0,3,0,3,0,3,0,3,0
Sense,0,0,2,0,2,0,2,0,2,0
wudfsvc,2,0,2,0,2,0,2,0,2,0
WEPHOSTSVC,2,0,2,0,2,0,2,0,2,0
WerSvc,2,0,2,0,2,0,2,0,2,0
Wecsvc,2,0,2,0,2,0,2,0,2,0
EventLog,3,0,3,0,3,0,3,0,3,0
FontCache,3,0,3,0,3,0,3,0,3,0
StiSvc,2,0,2,0,2,0,2,0,2,0
wisvc,2,2,2,2,1,1,1,1,1,1
LicenseManager,2,0,2,0,2,0,2,0,2,0
Winmgmt,3,0,3,0,3,0,3,0,3,0
WMPNetworkSvc,2,2,2,2,1,1,1,1,1,1
icssvc,2,2,2,2,1,1,1,1,1,1
TrustedInstaller,2,0,2,0,2,0,2,0,2,0
spectrum,2,0,2,0,2,0,2,0,2,0
FontCache3.0.0.0,2,0,2,0,2,0,2,0,2,0
WAS,2,0,2,0,2,0,2,0,2,0
WpnUserService_?????,3,0,3,0,3,0,3,0,3,0
WpnService,3,0,3,0,3,0,3,0,3,0
PushToInstall,2,0,2,0,2,0,2,0,2,0
WinRM,2,2,2,2,1,1,1,1,1,1
WSearch,4,0,4,0,4,0,4,0,4,0
W32Time,2,0,2,0,2,0,2,0,2,0
wuauserv,2,0,2,0,2,0,2,0,2,0
WaaSMedicSvc,2,0,2,0,2,0,2,0,2,0
WinHttpAutoProxySvc,2,0,2,0,2,0,2,0,2,0
dot3svc,2,0,2,0,2,0,2,0,2,0
WlanSvc,3,3,3,3,2,2,3,3,2,2
wmiApSrv,2,0,2,0,2,0,2,0,2,0
workfolderssvc,2,2,2,2,1,1,1,1,1,1
LanmanWorkstation,3,0,3,0,3,0,3,0,3,0
W3SVC,3,0,3,0,3,0,3,0,3,0
WwanSvc,2,2,2,2,1,1,1,1,1,1
XboxGipSvc,2,0,2,0,2,0,2,0,2,0
xbgm,2,0,2,0,2,0,2,0,2,0
XblAuthManager,2,2,2,2,1,1,1,1,1,1
XblGameSave,2,2,2,2,1,1,1,1,1,1
XboxNetApiSvc,2,2,2,2,1,1,1,1,1,1
